"Name","Probability"
"AMY801|Untitled|Eukaryotic",0.000536566881394468
"AMY792|Untitled|Eukaryotic",0.00149444444444444
"AMY1002|Untitled|Eukaryotic",0.00168571428571429
"AMY597|Untitled|Eukaryotic",0.00230726576499655
"AMY960|Untitled|Eukaryotic",0.00230726576499655
"AMY1361|Untitled|Eukaryotic",0.00230726576499655
"AMY803|Untitled|Eukaryotic",0.00232023232023232
"AMY1252|Untitled|Eukaryotic",0.00237142857142857
"AMY480|Untitled|Eukaryotic",0.00281637426900585
"AMY567|Untitled|Eukaryotic",0.00287240934692548
"AMY785|Untitled|Eukaryotic",0.00287240934692548
"AMY1020|Untitled|Eukaryotic",0.00287240934692548
"AMY1250|Untitled|Eukaryotic",0.00287240934692548
"AMY1262|Untitled|Eukaryotic",0.00287240934692548
"AMY812|Untitled|Eukaryotic",0.00287243107769424
"AMY852|Untitled|Eukaryotic",0.00313809523809524
"AMY1021|Untitled|Eukaryotic",0.00328253968253968
"AMY1297|Untitled|Eukaryotic",0.00398571428571429
"AMY1253|Untitled|Eukaryotic",0.00413172146051403
"AMY503|Untitled|Eukaryotic",0.00426002506265664
"AMY1009|Untitled|Eukaryotic",0.00429761904761905
"AMY1022|Untitled|Eukaryotic",0.00456039740124876
"AMY1019|Untitled|Eukaryotic",0.00464805194805195
"AMY560|Untitled|Eukaryotic",0.00482222222222222
"AMY1251|Untitled|Eukaryotic",0.00482222222222222
"AMY1112|Untitled|Eukaryotic",0.00485404966313101
"AMY390|Untitled|b2-microglobulin",0.00486599511599512
"AMY564|Untitled|Eukaryotic",0.00500476190476191
"AMY788|Untitled|Eukaryotic",0.00513614163614164
"AMY1095|Untitled|Eukaryotic",0.00520833287447352
"AMY789|Untitled|Eukaryotic",0.00530622710622711
"AMY890|Untitled|Eukaryotic",0.00581432260549908
"AMY802|Untitled|Eukaryotic",0.00616507936507937
"AMY556|Untitled|Eukaryotic",0.00635721500721501
"AMY811|Untitled|Eukaryotic",0.00641290726817042
"AMY380|Untitled|b2-microglobulin",0.00655054945054945
"AMY1308|Untitled|Eukaryotic",0.00666932508218804
"AMY364|Untitled|b2-microglobulin",0.00672777777777778
"AMY1176|Untitled|Eukaryotic",0.00675926237161531
"AMY1025|Untitled|Eukaryotic",0.00678492063492064
"AMY970|Untitled|TAR",0.00682510234863176
"AMY1094|Untitled|Major",0.00682510234863176
"AMY516|Untitled|Eukaryotic",0.00716428571428571
"AMY982|Untitled|Nucleoporin",0.00720111400638509
"AMY481|Untitled|Eukaryotic",0.00739657923775571
"AMY813|Untitled|Eukaryotic",0.00743653013653014
"AMY957|Untitled|TAR",0.00751904761904762
"AMY809|Untitled|Eukaryotic",0.00761493506493507
"AMY781|Untitled|Eukaryotic",0.00913747261935448
"AMY749|Untitled|De",0.00941095016095016
"AMY866|Untitled|TAR",0.0102944164137691
"AMY471|Untitled|Eukaryotic",0.0104900125878849
"AMY1004|Untitled|TAR",0.0110115524326966
"AMY663|Untitled|Major",0.0113751761543402
"AMY914|Untitled|Major",0.0113751761543402
"AMY936|Untitled|TAR",0.0113751761543402
"AMY892|Untitled|Eukaryotic",0.0121234126984127
"AMY360|Untitled|b2-microglobulin",0.0121854700854701
"AMY819|Untitled|Eukaryotic",0.0127397546897547
"AMY1007|Untitled|Eukaryotic",0.0127873015873016
"AMY1061|Untitled|Eukaryotic",0.0129684610075914
"AMY552|Untitled|Eukaryotic",0.013428055994185
"AMY1136|Untitled|Eukaryotic",0.013428055994185
"AMY568|Untitled|Eukaryotic",0.0136150793650794
"AMY1128|Untitled|G",0.0138384396031455
"AMY1016|Untitled|Eukaryotic",0.0143332417582418
"AMY856|Untitled|Major",0.014367876430508
"AMY636|Untitled|Major",0.0146497929605194
"AMY1285|Untitled|Eukaryotic",0.0146635864135864
"AMY385|Untitled|b2-microglobulin",0.0148134920634921
"AMY543|Untitled|Eukaryotic",0.0151095238095238
"AMY912|Untitled|[PIN+]",0.0153179910745646
"AMY508|Untitled|Eukaryotic",0.016032798573975
"AMY466|Untitled|TAR",0.0165079640353
"AMY804|Untitled|Eukaryotic",0.0171492063492063
"AMY569|Untitled|Eukaryotic",0.0171691537617259
"AMY1242|Untitled|Eukaryotic",0.0171691537617259
"AMY1141|Untitled|Eukaryotic",0.0174873015873016
"AMY763|Untitled|TAR",0.0175293183940243
"AMY647|Untitled|Eukaryotic",0.0178439652160705
"AMY717|Untitled|Major",0.0183647831816137
"AMY650|Untitled|Alpha-galactosidase",0.0187562378017015
"AMY1180|Untitled|Eukaryotic",0.0189958321044035
"AMY1008|Untitled|Eukaryotic",0.019102380952381
"AMY571|Untitled|Eukaryotic",0.0191814015978507
"AMY718|Untitled|Major",0.019211411684823
"AMY506|Untitled|Eukaryotic",0.0198130284609008
"AMY907|Untitled|Major",0.0200690639107345
"AMY473|Untitled|De",0.0201570809549533
"AMY949|Untitled|Nuclear",0.0201984848484848
"AMY891|Untitled|Major",0.020280535073885
"AMY1149|Untitled|Eukaryotic",0.0204448538011696
"AMY1163|Untitled|TAR",0.0208383404416202
"AMY1259|Untitled|Major",0.0208383404416202
"AMY791|Untitled|Eukaryotic",0.0208785714285714
"AMY1284|Untitled|Eukaryotic",0.0210095238095238
"AMY888|Untitled|Nuclear",0.0211029902283154
"AMY1029|Untitled|Eukaryotic",0.0217083541295306
"AMY799|Untitled|Eukaryotic",0.0217148156417764
"AMY535|Untitled|Eukaryotic",0.0217789547686132
"AMY875|Untitled|TAR",0.0218104888639673
"AMY1255|Untitled|Eukaryotic",0.0218879940235203
"AMY863|Untitled|TAR",0.0221567972339599
"AMY1047|Untitled|Eukaryotic",0.0232942327269115
"AMY504|Untitled|Nucleoporin",0.0233379928527824
"AMY512|Untitled|TAR",0.0233379928527824
"AMY725|Untitled|mRNA-binding",0.0233379928527824
"AMY726|Untitled|Serine/threonine-protein",0.0233379928527824
"AMY880|Untitled|Eukaryotic",0.0233379928527824
"AMY808|Untitled|Eukaryotic",0.0233461777988094
"AMY1115|Untitled|RNA-binding",0.0237048121566688
"AMY755|Untitled|Eukaryotic",0.0240422191843244
"AMY889|Untitled|Nucleoporin",0.0244209899551568
"AMY1134|Untitled|Transcriptional",0.0244209899551568
"AMY513|Untitled|TAR",0.0244476339157986
"AMY1003|Untitled|Eukaryotic",0.0246541165490141
"AMY1044|Untitled|Major",0.0246680736553899
"AMY1298|Untitled|Major",0.0249202333897986
"AMY1305|Untitled|Major",0.0249202333897986
"AMY558|Untitled|Eukaryotic",0.0254769068165653
"AMY1283|Untitled|Eukaryotic",0.0259192598251422
"AMY566|Untitled|Eukaryotic",0.0259210492406145
"AMY537|Untitled|Major",0.0261524300432969
"AMY1130|Untitled|Eukaryotic",0.0263004011637993
"AMY667|Untitled|Major",0.0266975301940253
"AMY662|Untitled|Major",0.027009454061411
"AMY1132|Untitled|TAR",0.0272603181713149
"AMY510|Untitled|Eukaryotic",0.0274280569671874
"AMY1171|Untitled|Eukaryotic",0.0278642039670812
"AMY1271|Untitled|Major",0.0280350352546005
"AMY1015|Untitled|Eukaryotic",0.0281723160655732
"AMY486|Untitled|TAR",0.0283462017371179
"AMY1063|Untitled|Eukaryotic",0.0287724608590907
"AMY311|Untitled|De",0.0291058103592314
"AMY1219|Untitled|De",0.0291058103592314
"AMY1220|Untitled|De",0.0291058103592314
"AMY1055|Untitled|TAR",0.0292628097878401
"AMY860|Untitled|Major",0.0293670252686382
"AMY793|Untitled|Eukaryotic",0.0294513313566852
"AMY1086|Untitled|TAR",0.0299229095465938
"AMY553|Untitled|Eukaryotic",0.0303888888888889
"AMY511|Untitled|TAR",0.0305793503301204
"AMY887|Untitled|TAR",0.0311267845144488
"AMY630|Untitled|Major",0.0320089480837818
"AMY551|Untitled|Eukaryotic",0.0321566626724664
"AMY1028|Untitled|De",0.0323211281658337
"AMY629|Untitled|TAR",0.0325309656045709
"AMY1056|Untitled|TAR",0.0328452334868434
"AMY588|Untitled|TAR",0.0336449927907637
"AMY1161|Untitled|TAR",0.0336591324383369
"AMY476|Untitled|Major",0.0338304368672943
"AMY680|Untitled|TAR",0.0338822221882407
"AMY658|Untitled|TAR",0.0338929894827559
"AMY635|Untitled|Major",0.0342357998869494
"AMY1085|Untitled|Major",0.0346323081397088
"AMY764|Untitled|Negative",0.0346403266865029
"AMY925|Untitled|Asparagine-rich",0.0346403266865029
"AMY927|Untitled|SWI/SNF",0.0346403266865029
"AMY929|Untitled|RNA-binding",0.0346403266865029
"AMY1300|Untitled|Transcriptional",0.0346403266865029
"AMY649|Untitled|Alpha-galactosidase",0.0349192784826686
"AMY1114|Untitled|Major",0.0352096855779817
"AMY561|Untitled|Eukaryotic",0.0352122861005861
"AMY1034|Untitled|Eukaryotic",0.0359311749974391
"AMY1110|Untitled|Eukaryotic",0.0359311749974391
"AMY864|Untitled|von",0.0360627450980392
"AMY1117|Untitled|Superoxide",0.0361800125313283
"AMY493|Untitled|Asparagine-rich",0.036198381332869
"AMY782|Untitled|Eukaryotic",0.0365234736905515
"AMY1123|Untitled|TAR",0.0365823576884533
"AMY810|Untitled|Eukaryotic",0.0376895909645909
"AMY524|Untitled|TAR",0.0378980963414038
"AMY873|Untitled|TAR",0.0385955039112934
"AMY1249|Untitled|Major",0.0387304937755929
"AMY379|Untitled|b2-microglobulin",0.0388722222222222
"AMY517|Untitled|Major",0.0390074371941372
"AMY881|Untitled|Eukaryotic",0.0390074371941372
"AMY490|Untitled|TAR",0.039145963841227
"AMY1118|Untitled|Serine/threonine-protein",0.0393200214200214
"AMY361|Untitled|b2-microglobulin",0.0393249019720684
"AMY401|Untitled|Insulin",0.039522223654069
"AMY768|Untitled|Major",0.039917700575924
"AMY762|Untitled|Nucleoporin",0.0405753838522489
"AMY854|Untitled|Transcriptional",0.0405753838522489
"AMY1311|Untitled|Transcriptional",0.0405753838522489
"AMY646|Untitled|RNA-binding",0.0407532944180003
"AMY370|Untitled|b2-microglobulin",0.0407809698755351
"AMY1005|Untitled|Eukaryotic",0.0411263050958703
"AMY786|Untitled|Major",0.0417185706087306
"AMY1073|Untitled|SWI/SNF",0.0419678613745135
"AMY1074|Untitled|Eukaryotic",0.0419678613745135
"AMY1078|Untitled|Eukaryotic",0.0419678613745135
"AMY1080|Untitled|RNA-binding",0.0419678613745135
"AMY1133|Untitled|Major",0.0420727658551443
"AMY492|Untitled|De",0.0425293650793651
"AMY606|Untitled|Major",0.0426188619655878
"AMY467|Untitled|De",0.0428502886002886
"AMY501|Untitled|TAR",0.0428887551219198
"AMY318|Untitled|De",0.0429016838361232
"AMY1216|Untitled|De",0.0429016838361232
"AMY1217|Untitled|De",0.0429016838361232
"AMY1218|Untitled|De",0.0429016838361232
"AMY761|Untitled|Asparagine-rich",0.0430936859244308
"AMY518|Untitled|Agglutinin-like",0.0432271805205309
"AMY515|Untitled|Major",0.0433947610121898
"AMY1099|Untitled|Major",0.0434649340507186
"AMY1088|Untitled|Eukaryotic",0.0437388952257183
"AMY1092|Untitled|RNA-binding",0.0442162629003917
"AMY1135|Untitled|TAR",0.044466703954309
"AMY1026|Untitled|Eukaryotic",0.044761635913138
"AMY500|Untitled|Major",0.0448314028191126
"AMY520|Untitled|Major",0.0448314028191126
"AMY1040|Untitled|Eukaryotic",0.0448645274246671
"AMY405|Untitled|Insulin",0.045989094512679
"AMY331|Untitled|De",0.0461858200279253
"AMY1192|Untitled|De",0.0461858200279253
"AMY1208|Untitled|De",0.0461858200279253
"AMY958|Untitled|Eukaryotic",0.0464744459776713
"AMY1360|Untitled|Eukaryotic",0.0464744459776713
"AMY767|Untitled|De",0.0468470562936769
"AMY883|Untitled|Major",0.0468710881710882
"AMY522|Untitled|Eukaryotic",0.0468888616049471
"AMY1018|Untitled|TAR",0.0478099494495186
"AMY1260|Untitled|Major",0.0478302209187535
"AMY1168|Untitled|TAR",0.0478562245977409
"AMY540|Untitled|Major",0.0478682831732908
"AMY507|Untitled|TAR",0.0479552607116051
"AMY826|Untitled|von",0.0483476458071672
"AMY1023|Untitled|RNA-binding",0.0485379565449936
"AMY805|Untitled|Major",0.0487634602300138
"AMY1017|Untitled|Major",0.0487634602300138
"AMY841|Untitled|Eukaryotic",0.0487737692046515
"AMY617|Untitled|TAR",0.0491968100840639
"AMY378|Untitled|b2-microglobulin",0.0499054796081112
"AMY562|Untitled|Eukaryotic",0.0500867258690324
"AMY1038|Untitled|Eukaryotic",0.0505081948866074
"AMY849|Untitled|Eukaryotic",0.0508748876686495
"AMY1289|Untitled|Major",0.0511499377264183
"AMY816|Untitled|Uncharacterized",0.051430465970081
"AMY932|Untitled|RNA-binding",0.0517177355031593
"AMY375|Untitled|b2-microglobulin",0.0528061464061464
"AMY1104|Untitled|Major",0.053331296924867
"AMY661|Untitled|Major",0.054029112181069
"AMY659|Untitled|Eukaryotic",0.0550680616438167
"AMY1341|Untitled|Transcriptional",0.0552966921680784
"AMY371|Untitled|b2-microglobulin",0.055346176046176
"AMY1066|Untitled|Eukaryotic",0.0554542929392689
"AMY771|Untitled|Flocculation",0.0561572404719463
"AMY472|Untitled|TAR",0.0562591216914891
"AMY1288|Untitled|Major",0.0564149008482755
"AMY1030|Untitled|Eukaryotic",0.0569281103121137
"AMY615|Untitled|TAR",0.0571925145774315
"AMY704|Untitled|RNA-binding",0.0571925145774315
"AMY1321|Untitled|Major",0.0574526542369253
"AMY469|Untitled|TAR",0.0576076473101318
"AMY544|Untitled|Major",0.0577538083867893
"AMY1263|Untitled|mRNA-binding",0.0578412679484278
"AMY1312|Untitled|Eukaryotic",0.0579454251890968
"AMY938|Untitled|Major",0.0580846294701505
"AMY937|Untitled|Nitrogen",0.0582004327082486
"AMY1156|Untitled|TAR",0.0583378791569328
"AMY851|Untitled|G",0.0587733250017983
"AMY926|Untitled|U6",0.0599972507778068
"AMY1155|Untitled|Superoxide",0.0599972507778068
"AMY554|Untitled|Eukaryotic",0.060189377464875
"AMY634|Untitled|TAR",0.0608638813348071
"AMY666|Untitled|Eukaryotic",0.0609945575666164
"AMY1356|Untitled|Eukaryotic",0.061583540424807
"AMY627|Untitled|Major",0.0617149318207019
"AMY728|Untitled|Eukaryotic",0.0619888013445574
"AMY1282|Untitled|Major",0.0623377432130316
"AMY1279|Untitled|Agglutinin-like",0.0623561319022283
"AMY953|Untitled|Eukaryotic",0.0627650968011838
"AMY1304|Untitled|Superoxide",0.0637620973027466
"AMY1012|Untitled|Nitrogen",0.063804563050506
"AMY942|Untitled|RNA-binding",0.0639303939865248
"AMY977|Untitled|Nitrogen",0.0639303939865248
"AMY976|Untitled|TAR",0.0643131619705678
"AMY846|Untitled|Coagulation",0.0645824685981179
"AMY1006|Untitled|TAR",0.0650913577571038
"AMY694|Untitled|Transcriptional",0.0658153223953012
"AMY388|Untitled|b2-microglobulin",0.0659237872087742
"AMY470|Untitled|TAR",0.0660101084887777
"AMY474|Untitled|Major",0.0660101084887777
"AMY631|Untitled|Major",0.0670385592059949
"AMY570|Untitled|General",0.0671742146451435
"AMY894|Untitled|mRNA-binding",0.0671742146451435
"AMY895|Untitled|Transcription",0.0671742146451435
"AMY946|Untitled|Serine/threonine-protein",0.0671742146451435
"AMY947|Untitled|SWI/SNF",0.0671742146451435
"AMY948|Untitled|SWI/SNF",0.0671742146451435
"AMY950|Untitled|Transcriptional",0.0671742146451435
"AMY979|Untitled|mRNA-binding",0.0671742146451435
"AMY980|Untitled|U6",0.0671742146451435
"AMY981|Untitled|Nitrogen",0.0671742146451435
"AMY987|Untitled|General",0.0671742146451435
"AMY1169|Untitled|General",0.0671742146451435
"AMY1173|Untitled|TAR",0.0671742146451435
"AMY1179|Untitled|Transcription",0.0671742146451435
"AMY1202|Untitled|Transcription",0.0671742146451435
"AMY1203|Untitled|Nucleoporin",0.0671742146451435
"AMY1258|Untitled|SWI/SNF",0.0671742146451435
"AMY1346|Untitled|RNA-binding",0.0672069905120219
"AMY1347|Untitled|RNA-binding",0.0672069905120219
"AMY521|Untitled|Cell",0.0675921237989312
"AMY944|Untitled|Transcription",0.0676818363433888
"AMY404|Untitled|Insulin",0.0680530818940577
"AMY365|Untitled|b2-microglobulin",0.0681535247432306
"AMY1295|Untitled|Flocculation",0.0681855558490312
"AMY1146|Untitled|TAR",0.0682176970856393
"AMY1148|Untitled|TAR",0.0683709396596186
"AMY1121|Untitled|Ribonuclease",0.0691158459647
"AMY862|Untitled|Eukaryotic",0.0693334456550952
"AMY1174|Untitled|TAR",0.0694130306288709
"AMY502|Untitled|Nitrogen",0.0712273887180971
"AMY1024|Untitled|TAR",0.0715187320202823
"AMY744|Untitled|RNA-binding",0.0720744058878812
"AMY1342|Untitled|Major",0.0721273485454561
"AMY769|Untitled|Cell",0.0726729531994986
"AMY1310|Untitled|Superoxide",0.0726729531994986
"AMY681|Untitled|TAR",0.0735935296688118
"AMY1200|Untitled|De",0.0736230672304811
"AMY1201|Untitled|De",0.0736230672304811
"AMY1206|Untitled|De",0.0736230672304811
"AMY1207|Untitled|De",0.0736230672304811
"AMY664|Untitled|Major",0.0742701009822365
"AMY919|Untitled|Nucleoporin",0.074879635958805
"AMY1261|Untitled|Major",0.0755588276151753
"AMY539|Untitled|Major",0.0756413764654815
"AMY965|Untitled|U6",0.0756413764654815
"AMY357|Untitled|b2-microglobulin",0.0757708541962171
"AMY739|Untitled|Major",0.0757708541962171
"AMY545|Untitled|Transcription",0.0759276753712238
"AMY657|Untitled|TAR",0.076432639491536
"AMY625|Untitled|TAR",0.0767641366024717
"AMY1318|Untitled|Cell",0.0769325701252827
"AMY736|Untitled|Alpha-galactosidase",0.0771756944906126
"AMY400|Untitled|Insulin",0.0772796775206533
"AMY1299|Untitled|SWI/SNF",0.0774256790546315
"AMY373|Untitled|b2-microglobulin",0.0777141891206323
"AMY488|Untitled|Eukaryotic",0.0790315589212865
"AMY397|Untitled|Insulin",0.0795669183499994
"AMY745|Untitled|Nucleoporin",0.0799646380903832
"AMY822|Untitled|TAR",0.0810556126347144
"AMY790|Untitled|Eukaryotic",0.0817127184307613
"AMY857|Untitled|Superoxide",0.0827025676095138
"AMY1011|Untitled|Low-density",0.0840042271737924
"AMY565|Untitled|Major",0.0844209357671314
"AMY356|Untitled|b2-microglobulin",0.0845532054972592
"AMY1269|Untitled|von",0.0847087196328576
"AMY1033|Untitled|Major",0.0851601346960761
"AMY1105|Untitled|Major",0.0851601346960761
"AMY1344|Untitled|RNA-binding",0.0856018887522608
"AMY1345|Untitled|RNA-binding",0.0856018887522608
"AMY748|Untitled|TAR",0.0856346167163407
"AMY747|Untitled|Superoxide",0.0856775354386299
"AMY698|Untitled|Major",0.085833503098209
"AMY906|Untitled|Major",0.0870001347597935
"AMY584|Untitled|Major",0.0884748275598894
"AMY1067|Untitled|Eukaryotic",0.0889812440863857
"AMY1101|Untitled|von",0.0894762968336523
"AMY1236|Untitled|Coagulation",0.0895783319792731
"AMY484|Untitled|Eukaryotic",0.0929200086838452
"AMY1142|Untitled|Major",0.0941178432119996
"AMY620|Untitled|mRNA-binding",0.0944101889980493
"AMY578|Untitled|De",0.0958567374351953
"AMY825|Untitled|von",0.0967444655735056
"AMY868|Untitled|RNA-binding",0.0970188162795285
"AMY859|Untitled|Major",0.0975471500979979
"AMY633|Untitled|Major",0.0977392374881331
"AMY668|Untitled|TAR",0.0979681716595247
"AMY677|Untitled|RNA-binding",0.0979681716595247
"AMY678|Untitled|RNA-binding",0.0979681716595247
"AMY637|Untitled|Major",0.0987722675772304
"AMY684|Untitled|TAR",0.0992699893862894
"AMY1087|Untitled|TAR",0.0995732274725043
"AMY1138|Untitled|RNA-binding",0.10063124675192
"AMY1165|Untitled|Transcriptional",0.10063124675192
"AMY610|Untitled|RNA-binding",0.101129610999892
"AMY574|Untitled|Hyphal",0.102200418215436
"AMY1147|Untitled|Superoxide",0.102412769490315
"AMY1373|Untitled|TAR",0.102429333921101
"AMY1372|Untitled|Major",0.103162684110022
"AMY878|Untitled|TAR",0.10392302452374
"AMY1122|Untitled|Hepatocyte",0.104970818137099
"AMY1257|Untitled|De",0.105169241709809
"AMY896|Untitled|Serine/threonine-protein",0.105689278411388
"AMY1102|Untitled|Major",0.105987132297983
"AMY1353|Untitled|[PIN+]",0.106248024083261
"AMY1159|Untitled|Superoxide",0.106554563689461
"AMY1035|Untitled|Mediator",0.107178383597952
"AMY978|Untitled|RNA-binding",0.107216149793924
"AMY1058|Untitled|Asparagine-rich",0.107216149793924
"AMY696|Untitled|Superoxide",0.107721527317177
"AMY1326|Untitled|Alpha-galactosidase",0.108246949340632
"AMY82|BC-Turn|Myoglobin",0.108278924584188
"AMY746|Untitled|Superoxide",0.108729923513376
"AMY505|Untitled|Nucleoporin",0.109138502753817
"AMY679|Untitled|Superoxide",0.109188345864662
"AMY777|Untitled|RNA-binding",0.110138319641029
"AMY959|Untitled|Eukaryotic",0.110333824913941
"AMY985|Untitled|TAR",0.110378127507183
"AMY1323|Untitled|Hyphal",0.110764988340804
"AMY536|Untitled|Major",0.111396451967936
"AMY546|Untitled|Superoxide",0.111396451967936
"AMY1154|Untitled|Major",0.111396451967936
"AMY1229|Untitled|Major",0.111396451967936
"AMY1302|Untitled|Low-density",0.11187254215189
"AMY832|Untitled|[PIN+]",0.113117502812116
"AMY1045|Untitled|RNA-binding",0.113515243589708
"AMY845|Untitled|[NU+]",0.113679505018859
"AMY1239|Untitled|Cell",0.115728315212858
"AMY955|Untitled|TAR",0.11628259680978
"AMY984|Untitled|Transcription",0.11628259680978
"AMY1081|Untitled|RNA-binding",0.11628259680978
"AMY1205|Untitled|De",0.11655339364782
"AMY709|Untitled|Eukaryotic",0.116818154335555
"AMY710|Untitled|Eukaryotic",0.116818154335555
"AMY1343|Untitled|Major",0.118499936602344
"AMY830|Untitled|Alpha-galactosidase",0.119484701759134
"AMY369|Untitled|b2-microglobulin",0.119696841284862
"AMY682|Untitled|TAR",0.120267674704965
"AMY1079|Untitled|RNA-binding",0.120864143975655
"AMY655|Untitled|TAR",0.121385553335553
"AMY879|Untitled|TAR",0.121526732648665
"AMY337|Untitled|De",0.12168000034318
"AMY1157|Untitled|De",0.12168000034318
"AMY1175|Untitled|De",0.12168000034318
"AMY991|Untitled|Major",0.122067781462094
"AMY818|Untitled|Major",0.122659893264093
"AMY643|Untitled|Eukaryotic",0.124388431541522
"AMY700|Untitled|TAR",0.124389925651354
"AMY395|Untitled|Insulin",0.124441220205829
"AMY485|Untitled|Eukaryotic",0.125196967921696
"AMY541|Untitled|Eukaryotic",0.126125824088407
"AMY969|Untitled|Eukaryotic",0.126125824088407
"AMY1069|Untitled|TAR",0.126125824088407
"AMY1139|Untitled|Eukaryotic",0.126125824088407
"AMY1091|Untitled|RNA-binding",0.126217002467396
"AMY1109|Untitled|Eukaryotic",0.129118988903534
"AMY673|Untitled|Major",0.129140676526669
"AMY624|Untitled|Serine/threonine-protein",0.130066417535853
"AMY1158|Untitled|Eukaryotic",0.132612351752481
"AMY1254|Untitled|Major",0.132612351752481
"AMY614|Untitled|Major",0.132626461752797
"AMY616|Untitled|Major",0.132626461752797
"AMY727|Untitled|Serine/threonine-protein",0.13320492169065
"AMY1333|Untitled|Low-density",0.133286563731999
"AMY110|Pc-10a|Plastocyanin",0.133482989232989
"AMY1062|Untitled|RNA-binding",0.134798920806389
"AMY865|Untitled|von",0.135154557080347
"AMY1264|Untitled|Cell",0.13878783547961
"AMY1328|Untitled|TAR",0.139194079123599
"AMY628|Untitled|Major",0.139426168688052
"AMY1319|Untitled|Hyphal",0.14042611496797
"AMY776|Untitled|Major",0.14056205500457
"AMY844|Untitled|Coagulation",0.140669961084667
"AMY827|Untitled|Major",0.141434995898182
"AMY675|Untitled|RNA-binding",0.145735432854454
"AMY676|Untitled|RNA-binding",0.145735432854454
"AMY683|Untitled|Transcription",0.145735432854454
"AMY971|Untitled|TAR",0.146487470082015
"AMY586|Untitled|TAR",0.147153561691643
"AMY519|Untitled|RNA-binding",0.147311568005128
"AMY1234|Untitled|TAR",0.147933327328406
"AMY1126|Untitled|De",0.149319758329046
"AMY322|Untitled|De",0.149619402822416
"AMY1214|Untitled|De",0.149619402822416
"AMY1215|Untitled|De",0.149619402822416
"AMY1240|Untitled|De",0.149888036832142
"AMY829|Untitled|Alpha-galactosidase",0.15028325179813
"AMY595|Untitled|Alpha-galactosidase",0.152324978425515
"AMY374|Untitled|b2-microglobulin",0.153500934849292
"AMY1150|Untitled|TAR",0.153855700853814
"AMY1186|Untitled|De",0.154439801809625
"AMY538|Untitled|RNA-binding",0.155432367411314
"AMY994|Untitled|Eukaryotic",0.156685823695544
"AMY1316|Untitled|Major",0.158001107523185
"AMY387|Untitled|b2-microglobulin",0.159594545920124
"AMY1336|Untitled|De",0.160417381414595
"AMY547|Untitled|RNA-binding",0.160988521546316
"AMY1151|Untitled|TAR",0.161638778408864
"AMY691|Untitled|Potassium/sodium",0.16189394726317
"AMY766|Untitled|Superoxide",0.161924967982311
"AMY638|Untitled|Major",0.161977545322618
"AMY972|Untitled|RNA-binding",0.162472560025829
"AMY983|Untitled|Transcription",0.162472560025829
"AMY1057|Untitled|RNA-binding",0.162472560025829
"AMY1072|Untitled|Eukaryotic",0.162472560025829
"AMY1084|Untitled|Eukaryotic",0.162472560025829
"AMY1090|Untitled|RNA-binding",0.162472560025829
"AMY997|Untitled|Transcriptional",0.164015751953299
"AMY1108|Untitled|U6",0.164015751953299
"AMY1233|Untitled|RNA-binding",0.164015751953299
"AMY722|Untitled|De",0.164117152334735
"AMY872|Untitled|TAR",0.1643831101795
"AMY831|Untitled|Nucleoporin",0.16439433650927
"AMY780|Untitled|De",0.16589246031746
"AMY671|Untitled|Major",0.165926440618917
"AMY920|Untitled|Butyrylcholinesterase,",0.166895809149777
"AMY1256|Untitled|De",0.168232268258058
"AMY996|Untitled|mRNA-binding",0.168925447557493
"AMY1111|Untitled|Eukaryotic",0.168925447557493
"AMY931|Untitled|Major",0.169102816597972
"AMY821|Untitled|TAR",0.170018398532054
"AMY847|Untitled|Nitrogen",0.170018398532054
"AMY1278|Untitled|Transcriptional",0.170018398532054
"AMY1290|Untitled|Transcriptional",0.170018398532054
"AMY1230|Untitled|TAR",0.171014042548136
"AMY362|Untitled|b2-microglobulin",0.171786061148243
"AMY1197|Untitled|De",0.171786061148243
"AMY1221|Untitled|De",0.171786061148243
"AMY1331|Untitled|Chitotriosidase-1",0.172369624350072
"AMY604|Untitled|TAR",0.172583786823294
"AMY672|Untitled|Eukaryotic",0.172593841632849
"AMY555|Untitled|Eukaryotic",0.17321318441948
"AMY990|Untitled|Asparagine-rich",0.174570875279901
"AMY993|Untitled|De",0.175625953893601
"AMY1303|Untitled|Low-density",0.175892599871948
"AMY939|Untitled|Nuclear",0.176307024394573
"AMY1098|Untitled|De",0.179652040689744
"AMY359|Untitled|b2-microglobulin",0.180296041030965
"AMY893|Untitled|Eukaryotic",0.180296041030965
"AMY1064|Untitled|Eukaryotic",0.180296041030965
"AMY1082|Untitled|Eukaryotic",0.180296041030965
"AMY1083|Untitled|Eukaryotic",0.180296041030965
"AMY743|Untitled|Transcriptional",0.181009376125779
"AMY1190|Untitled|De",0.182127344889564
"AMY1227|Untitled|De",0.182127344889564
"AMY670|Untitled|Major",0.182670556519143
"AMY394|Untitled|Insulin",0.182888827572234
"AMY346|Untitled|Amylin",0.184187556887557
"AMY607|Untitled|TAR",0.186034653355655
"AMY653|Untitled|De",0.186034653355655
"AMY756|Untitled|De",0.187625000274095
"AMY585|Untitled|Major",0.187732366102956
"AMY587|Untitled|Major",0.187732366102956
"AMY1329|Untitled|TAR",0.187956479840522
"AMY669|Untitled|TAR",0.188397285843268
"AMY479|Untitled|De",0.188415349876385
"AMY754|Untitled|Cell",0.188927565673308
"AMY1327|Untitled|Alpha-galactosidase",0.189357171416286
"AMY904|Untitled|Serine/threonine-protein",0.189367179549156
"AMY732|Untitled|Cell",0.190994168695883
"AMY402|Untitled|Insulin",0.191117612334487
"AMY596|Untitled|RNA-binding",0.191322795836849
"AMY526|Untitled|Eukaryotic",0.192176791045134
"AMY941|Untitled|[PIN+]",0.192589529479545
"AMY1075|Untitled|Eukaryotic",0.192589529479545
"AMY1166|Untitled|Eukaryotic",0.192589529479545
"AMY1172|Untitled|Eukaryotic",0.192589529479545
"AMY899|Untitled|TAR",0.192934727269704
"AMY998|Untitled|De",0.195399667731405
"AMY1272|Untitled|Flocculin",0.195659603239447
"AMY1324|Untitled|Hyphal",0.195919167488772
"AMY1270|Untitled|Flocculation",0.195942204543382
"AMY478|Untitled|De",0.196109436469963
"AMY639|Untitled|Major",0.19698886461576
"AMY468|Untitled|RNA-binding",0.198661279346381
"AMY575|Untitled|De",0.201147625123415
"AMY489|Untitled|RNA-binding",0.20238406825853
"AMY1068|Untitled|TAR",0.202638651761648
"AMY383|Untitled|b2-microglobulin",0.205077826464901
"AMY1162|Untitled|Agglutinin-like",0.20525218798163
"AMY1265|Untitled|Hyphal",0.20525218798163
"AMY477|Untitled|Superoxide",0.206563887937569
"AMY363|Untitled|b2-microglobulin",0.2085414160401
"AMY738|Untitled|De",0.208791757433157
"AMY1113|Untitled|De",0.209540517245626
"AMY111|Pc-10b|Plastocyanin",0.211013395775864
"AMY1010|Untitled|RNA-binding",0.211099739722184
"AMY975|Untitled|Major",0.21262879162176
"AMY796|Untitled|De",0.212938490663104
"AMY753|Untitled|Superoxide",0.215207011289364
"AMY1293|Untitled|Superoxide",0.215331707267582
"AMY911|Untitled|Asparagine-rich",0.216076444727479
"AMY913|Untitled|Eukaryotic",0.216076444727479
"AMY1039|Untitled|Eukaryotic",0.216076444727479
"AMY817|Untitled|De",0.217602274302306
"AMY665|Untitled|Eukaryotic",0.217977059102558
"AMY674|Untitled|Transcription",0.217977059102558
"AMY626|Untitled|RNA-binding",0.21806373717266
"AMY640|Untitled|RNA-binding",0.21859603586732
"AMY901|Untitled|TAR",0.219367200038993
"AMY618|Untitled|RNA-binding",0.220706757304619
"AMY848|Untitled|De",0.221681122275346
"AMY1184|Untitled|TAR",0.222439581450483
"AMY964|Untitled|Serine/threonine-protein",0.222501680971254
"AMY1152|Untitled|Eukaryotic",0.222501680971254
"AMY1369|Untitled|Eukaryotic",0.223678304339767
"AMY403|Untitled|Insulin",0.223916724046854
"AMY800|Untitled|De",0.224809644601521
"AMY1037|Untitled|Eukaryotic",0.225977899640761
"AMY757|Untitled|Transcription",0.229972396127953
"AMY1244|Untitled|TAR",0.231206989923302
"AMY483|Untitled|TAR",0.231576585897466
"AMY1340|Untitled|De",0.232155014095757
"AMY581|Untitled|De",0.232803593754564
"AMY909|Untitled|mRNA-binding",0.233855983409836
"AMY910|Untitled|SWI/SNF",0.233855983409836
"AMY973|Untitled|Eukaryotic",0.234197700618863
"AMY529|Untitled|De",0.236185841359044
"AMY1089|Untitled|TAR",0.236382223249913
"AMY1164|Untitled|De",0.236382223249913
"AMY367|Untitled|b2-microglobulin",0.236825755694275
"AMY528|Untitled|De",0.239424568046683
"AMY988|Untitled|Transthyretin",0.239648785342032
"AMY963|Untitled|Eukaryotic",0.244780698815168
"AMY1053|Untitled|Eukaryotic",0.244780698815168
"AMY1273|Untitled|De",0.24723588496045
"AMY315|Untitled|De",0.247243471572017
"AMY316|Untitled|De",0.247243471572017
"AMY317|Untitled|De",0.247243471572017
"AMY319|Untitled|De",0.247243471572017
"AMY324|Untitled|De",0.247243471572017
"AMY325|Untitled|De",0.247243471572017
"AMY1266|Untitled|Flocculin",0.247243471572017
"AMY1267|Untitled|Flocculin",0.247243471572017
"AMY619|Untitled|Nucleoporin",0.249669360497982
"AMY1268|Untitled|von",0.252397182961966
"AMY943|Untitled|Asparagine-rich",0.253066480537209
"AMY499|Untitled|TAR",0.254392535395469
"AMY389|Untitled|b2-microglobulin",0.254931361000106
"AMY923|Untitled|SWI/SNF",0.254931361000106
"AMY1358|Untitled|Uncharacterized",0.25497028966945
"AMY735|Untitled|Alpha-galactosidase",0.256071449408651
"AMY548|Untitled|De",0.25724163530064
"AMY935|Untitled|RNA-binding",0.259402516929944
"AMY778|Untitled|De",0.261637394760382
"AMY396|Untitled|Insulin",0.261955485993909
"AMY1013|Untitled|Low-density",0.26392657675153
"AMY327|Untitled|De",0.265996541503013
"AMY605|Untitled|Major",0.268344438992743
"AMY1238|Untitled|Coagulation",0.268875676143638
"AMY591|Untitled|RNA-binding",0.269163623864042
"AMY497|Untitled|Major",0.269259428864635
"AMY309|Untitled|De",0.273903926924494
"AMY310|Untitled|De",0.273903926924494
"AMY328|Untitled|De",0.273903926924494
"AMY1137|Untitled|Major",0.273903926924494
"AMY1177|Untitled|Major",0.273903926924494
"AMY1183|Untitled|Major",0.273903926924494
"AMY1198|Untitled|De",0.273903926924494
"AMY338|Untitled|De",0.275989387004179
"AMY339|Untitled|De",0.275989387004179
"AMY341|Untitled|De",0.275989387004179
"AMY342|Untitled|De",0.275989387004179
"AMY343|Untitled|De",0.275989387004179
"AMY1276|Untitled|Transthyretin",0.282433132513973
"AMY612|Untitled|Laminin",0.283570156943439
"AMY1245|Untitled|De",0.286096025839154
"AMY332|Untitled|De",0.286781445087396
"AMY336|Untitled|De",0.286781445087396
"AMY1191|Untitled|De",0.286781445087396
"AMY334|Untitled|De",0.28699339800679
"AMY368|Untitled|b2-microglobulin",0.289896444980527
"AMY1320|Untitled|Flocculin",0.292527194372344
"AMY855|Untitled|TAR",0.292542391439031
"AMY1036|Untitled|Eukaryotic",0.292833675299301
"AMY358|Untitled|b2-microglobulin",0.293903868944918
"AMY1231|Untitled|von",0.293949745456161
"AMY1281|Untitled|De",0.295723154623154
"AMY573|Untitled|De",0.29574915322916
"AMY751|Untitled|Superoxide",0.29610320553714
"AMY399|Untitled|Insulin",0.296194933991873
"AMY1120|Untitled|De",0.296492859885324
"AMY1246|Untitled|Cell",0.300056839607889
"AMY1370|Untitled|Eukaryotic",0.30213202672284
"AMY689|Untitled|TAR",0.303393121646019
"AMY312|Untitled|De",0.305325293174312
"AMY329|Untitled|De",0.305325293174312
"AMY1210|Untitled|De",0.305325293174312
"AMY377|Untitled|b2-microglobulin",0.305372711529928
"AMY928|Untitled|De",0.305719334709226
"AMY530|Untitled|Zinc",0.305931236773972
"AMY968|Untitled|Eukaryotic",0.305931236773972
"AMY1070|Untitled|RNA-binding",0.305931236773972
"AMY1071|Untitled|Transcription",0.305931236773972
"AMY1077|Untitled|RNA-binding",0.305931236773972
"AMY1204|Untitled|De",0.305931236773972
"AMY1014|Untitled|Eukaryotic",0.308495001492631
"AMY807|Untitled|Eukaryotic",0.311243513798472
"AMY867|Untitled|TAR",0.313587038856115
"AMY598|Untitled|Eukaryotic",0.316804324128502
"AMY1332|Untitled|Chitotriosidase-1",0.316804324128502
"AMY834|Untitled|G",0.319935903842528
"AMY644|Untitled|Eukaryotic",0.320012873555935
"AMY708|Untitled|Eukaryotic",0.32092239407362
"AMY1076|Untitled|RNA-binding",0.321459238040297
"AMY915|Untitled|Butyrylcholinesterase,",0.321777714356963
"AMY354|Untitled|b2-microglobulin",0.323379063267204
"AMY623|Untitled|Alpha-galactosidase",0.325101336280398
"AMY398|Untitled|Insulin",0.327190061401152
"AMY580|Untitled|SWI/SNF",0.328074903048192
"AMY1350|Untitled|Eukaryotic",0.329100222625378
"AMY406|Untitled|Insulin",0.329168912972372
"AMY384|Untitled|b2-microglobulin",0.331691833283905
"AMY815|Untitled|Serine-protein",0.33333744192173
"AMY974|Untitled|Major",0.336463955832154
"AMY1325|Untitled|Hyphal",0.338580490704861
"AMY956|Untitled|RNA-binding",0.338973698434389
"AMY1375|Untitled|De",0.339523878897617
"AMY582|Untitled|TAR",0.339538469076228
"AMY885|Untitled|De",0.340574202254291
"AMY386|Untitled|b2-microglobulin",0.342213066099824
"AMY100|Pc-2a|Plastocyanin",0.348067103062161
"AMY1378|Untitled|Negative",0.350450101574117
"AMY1362|Untitled|Eukaryotic",0.351438835464054
"AMY320|Untitled|De",0.352486436751609
"AMY326|Untitled|De",0.352486436751609
"AMY1211|Untitled|De",0.352486436751609
"AMY989|Untitled|Transthyretin",0.354827981430418
"AMY697|Untitled|Cell",0.357654739277306
"AMY775|Untitled|Insulin-like",0.358471174961295
"AMY1116|Untitled|Eukaryotic",0.364541157487736
"AMY779|Untitled|De",0.365521200158631
"AMY784|Untitled|De",0.371375850746764
"AMY366|Untitled|b2-microglobulin",0.373419060805695
"AMY783|Untitled|Eukaryotic",0.373419060805695
"AMY559|Untitled|De",0.374469130036063
"AMY592|Untitled|De",0.374729560298137
"AMY621|Untitled|Alpha-galactosidase",0.376280629689405
"AMY876|Untitled|TAR",0.376435610501473
"AMY1241|Untitled|Flocculation",0.378204664334854
"AMY905|Untitled|Eukaryotic",0.380315393225976
"AMY1286|Untitled|Otoferlin",0.381002847386792
"AMY1376|Untitled|RNA-binding",0.381952368455826
"AMY714|Untitled|De",0.382113658939153
"AMY1237|Untitled|De",0.382326403617302
"AMY1129|Untitled|Eukaryotic",0.388420729406155
"AMY1232|Untitled|von",0.389293648229702
"AMY1060|Untitled|Eukaryotic",0.395310343721009
"AMY1185|Untitled|RNA-binding",0.395310343721009
"AMY740|Untitled|Superoxide",0.395560379235894
"AMY842|Untitled|Coagulation",0.396638434817403
"AMY1119|Untitled|De",0.397427085638819
"AMY482|Untitled|De",0.39851695079603
"AMY654|Untitled|TAR",0.400075971546375
"AMY645|Untitled|Eukaryotic",0.400342900520457
"AMY589|Untitled|TAR",0.40185377934644
"AMY600|Untitled|Eukaryotic",0.403889975016285
"AMY1100|Untitled|von",0.405988017033513
"AMY711|Untitled|Eukaryotic",0.407490270998261
"AMY1363|Untitled|Eukaryotic",0.407564055769912
"AMY1226|Untitled|De",0.409304843823239
"AMY323|Untitled|De",0.409339011719213
"AMY687|Untitled|GDH/6PGL",0.412826122702245
"AMY641|Untitled|Eukaryotic",0.414989874605066
"AMY1374|Untitled|Eukaryotic",0.41594142039069
"AMY376|Untitled|b2-microglobulin",0.416493316944493
"AMY340|Untitled|De",0.416869987526126
"AMY1043|Untitled|Eukaryotic",0.417239297922839
"AMY940|Untitled|Eukaryotic",0.420183696883926
"AMY550|Untitled|De",0.421726200308792
"AMY121|Pc-16a|Plastocyanin",0.42384803940445
"AMY1097|Untitled|Interferon",0.426680754069263
"AMY576|Untitled|Acylphosphatase-2",0.434342232470709
"AMY1000|Untitled|Eukaryotic",0.434342232470709
"AMY1048|Untitled|Eukaryotic",0.435145558131898
"AMY1365|Untitled|Eukaryotic",0.439060705913565
"AMY1371|Untitled|Eukaryotic",0.440439899342076
"AMY475|Untitled|Superoxide",0.440484223847439
"AMY871|Untitled|RNA-binding",0.442011359191092
"AMY1041|Untitled|Eukaryotic",0.44397230363252
"AMY594|Untitled|Alpha-galactosidase",0.446600748803325
"AMY1338|Untitled|De",0.450423309026465
"AMY908|Untitled|Agglutinin-like",0.451687727666797
"AMY1247|Untitled|Hyphal",0.451687727666797
"AMY1065|Untitled|Eukaryotic",0.451937628190533
"AMY1315|Untitled|Apolipoprotein",0.452207455818035
"AMY706|Untitled|Eukaryotic",0.455498430550916
"AMY999|Untitled|Eukaryotic",0.457028617042734
"AMY707|Untitled|Eukaryotic",0.457449288990062
"AMY995|Untitled|Eukaryotic",0.458125035001497
"AMY1042|Untitled|Eukaryotic",0.46689327088964
"AMY1228|Untitled|Superoxide",0.470200462961283
"AMY1368|Untitled|Eukaryotic",0.473085424611493
"AMY1059|Untitled|Eukaryotic",0.473351040168786
"AMY1093|Untitled|RNA-binding",0.473351040168786
"AMY1364|Untitled|Eukaryotic",0.473438918589675
"AMY897|Untitled|Cohesin",0.475065762220275
"AMY934|Untitled|Eukaryotic",0.483474879653638
"AMY898|Untitled|Vasoactive",0.487322311476656
"AMY843|Untitled|Coagulation",0.488092299225356
"AMY945|Untitled|Eukaryotic",0.48891248809089
"AMY699|Untitled|Hyphal",0.502496927295296
"AMY930|Untitled|De",0.504494668425501
"AMY382|Untitled|b2-microglobulin",0.507770830677693
"AMY1349|Untitled|Alpha-mannosidase",0.510013471840428
"AMY534|Untitled|De",0.511513235388756
"AMY760|Untitled|RNA-binding",0.512092555073312
"AMY652|Untitled|Basement",0.517478488407018
"AMY590|Untitled|RNA-binding",0.51789488138593
"AMY313|Untitled|De",0.518460870896921
"AMY1193|Untitled|De",0.518460870896921
"AMY1194|Untitled|De",0.518460870896921
"AMY1196|Untitled|De",0.518460870896921
"AMY772|Untitled|Agglutinin-like",0.519126112574727
"AMY593|Untitled|De",0.523164959564572
"AMY602|Untitled|Negative",0.524271520979947
"AMY1357|Untitled|Eukaryotic",0.526726294832331
"AMY853|Untitled|Eukaryotic",0.532576626677555
"AMY1367|Untitled|Eukaryotic",0.539186954656267
"AMY1296|Untitled|Superoxide",0.543732086537474
"AMY858|Untitled|Beta-galactosidase",0.550786614783341
"AMY525|Untitled|De",0.551299836543007
"AMY1213|Untitled|De",0.551324916947841
"AMY1051|Untitled|Aldehyde",0.553401408945137
"AMY1351|Untitled|De",0.553724598918987
"AMY720|Untitled|De",0.5636044406695
"AMY886|Untitled|De",0.567560763369907
"AMY1314|Untitled|Cell",0.577784813586965
"AMY828|Untitled|4F2",0.577918354471187
"AMY622|Untitled|Eukaryotic",0.579920825867788
"AMY372|Untitled|b2-microglobulin",0.583664046050324
"AMY347|Untitled|Amylin",0.587472476298212
"AMY850|Untitled|Major",0.613733379980998
"AMY306|Untitled|De",0.616095974136925
"AMY713|Untitled|Eukaryotic",0.626005775548924
"AMY330|Untitled|De",0.636612179779747
"AMY335|Untitled|De",0.636612179779747
"AMY549|Untitled|Superoxide",0.636612179779747
"AMY1209|Untitled|Flocculin",0.636612179779747
"AMY1153|Untitled|De",0.644855820444487
"AMY583|Untitled|De",0.654716232245722
"AMY381|Untitled|b2-microglobulin",0.665474674085205
"AMY599|Untitled|Eukaryotic",0.665474674085205
"AMY531|Untitled|Flocculation",0.672595099068358
"AMY986|Untitled|RNA-binding",0.701326468038091
"AMY353|Untitled|b2-microglobulin",0.718414473281288
"AMY355|Untitled|b2-microglobulin",0.774095320730232
"AMY572|Untitled|Flocculation",0.784244431485202
"AMY118|Pc-14a|Plastocyanin",0.786027565225164
"AMY307|Untitled|De",0.786027565225164
"AMY603|Untitled|60",0.809268392232339
"AMY563|Untitled|Major",0.821551440460204
"AMY308|Untitled|De",0.862681743572924
"AMY314|Untitled|De",0.862681743572924
"AMY321|Untitled|De",0.862681743572924
"AMY333|Untitled|De",0.862681743572924
"AMY1195|Untitled|De",0.862681743572924
